giua,n,Hybrid,GAM,Ghép
1.0,5288,9.246691443241309,13.473103305599238,9.246691443241309
3.5,17055,14.192703488883687,14.459947943768572,14.192703488883687
6.5,79498,14.965563887177632,15.02109871472112,14.963789663880839
9.0,29078,14.819518779473706,14.881313660676607,14.814379611936843
11.0,4634,14.966704268706458,15.009239224367063,14.942509254862605
13.0,1040,14.895679011362676,14.80420135212109,14.783870902432717
15.0,358,16.920860801802124,15.172135837467406,15.301472047870051
18.0,210,17.682348268424892,15.994812199317277,16.18039522238554
21.0,89,19.666692840621828,13.507131785967047,13.560854827676906
