Model,MAPE,MAE,So với mốc (điểm)
HistGB · hai tầng,0.146496329231556,17925.808898019422,0.0
LightGBM · hai tầng,0.14657499263368495,17938.207174025345,0.007866340212894785
XGBoost · hai tầng,0.14663945575630258,17948.48077318908,0.014312652474657295
GAM · hai tầng,0.14887730171321786,18082.2129326969,0.23809724816618583
XGBoost · trực tiếp,0.15188385682027455,18617.13649548148,0.5387527588718549
LightGBM · trực tiếp,0.15196311846609872,18626.652077923496,0.5466789234542718
HistGB · trực tiếp,0.15216808915122237,18653.69657917928,0.5671759919666369
GAM · trực tiếp,0.15570175042613818,19019.15454097417,0.9205421194582175
Persistence,0.27835429773666714,33321.00976445,13.185796850511114
